{"cameraMode":{"drawMode":0,"name":"Shaded","section":"Shading Mode"},"sceneLighting":true,"audioPlay":false,"sceneViewState":{"m_AlwaysRefresh":false,"showFog":true,"showSkybox":true,"showFlares":true,"showImageEffects":true,"showParticleSystems":true,"showVisualEffectGraphs":true,"m_FxEnabled":true},"in2DMode":false,"pivot":{"x":8.284379005432129,"y":-1.1712709665298463,"z":23.329463958740236},"rotation":{"x":-0.03738287836313248,"y":-0.14874255657196046,"z":0.005610915366560221,"w":-0.9881701469421387},"size":16.729921340942384,"orthographic":false}